,beneficial_score,beneficial_score_pval,n_effective_genes,n_effective_rxns,f_effective_genes
Cgl2527,-3.544822295847792,0.0217,7.0,8.0,0.35
Cgl1718,-2.7166135306824617,0.0165,5.0,6.0,0.35714285714285715
Cgl2988,-0.4743716844015222,0.0262,1.0,1.0,0.5
