,beneficial_score,beneficial_score_pval,n_effective_genes,n_effective_rxns,f_effective_genes
Cgl1931,-7.749374925883654,0.0295,11.0,12.0,0.21568627450980393
Cgl2560,-3.4783904446865446,0.0239,19.0,22.0,0.3064516129032258
Cgl1718,-3.257595704728388,0.0194,6.0,7.0,0.42857142857142855
Cgl2527,-2.0195418121794466,0.0387,10.0,11.0,0.5
Cgl1541,-1.2154025600000982,0.0297,1.0,2.0,0.25
