,beneficial_score,beneficial_score_pval,n_effective_genes,n_effective_rxns,f_effective_genes
Cgl0291,62.44218185314979,0.0,23.0,31.0,0.16083916083916083
Cgl1185,-47.215987940557724,0.0,1.0,2.0,0.14285714285714285
Cgl2527,-15.44540474431,0.0123,8.0,9.0,0.4
Cgl1718,-14.309693186365877,0.0134,6.0,7.0,0.42857142857142855
Cgl1171,9.09770417793588,0.0001,1.0,2.0,0.1111111111111111
Cgl0254,-0.21361219175266086,0.0331,1.0,1.0,1.0
