,max_E,min_E
ICDHyr,0.0020869881681667857,0.0020869881681667857
AKGDH,0.0019588661180479925,0.0019588661180474196
DHDPRy,0.001548819860113362,0.0015488198601133617
