,max_concentration,min_concentration
nh4_c,-3.912023005,-3.9120233927472183
thdp_c,-3.912023005,-3.912023392747212
26dap__M_c,-14.508657352252792,-14.508657740000011
